119273 O2 |2021-04-22 14:44:02.685060|
119274 82476 |2021-04-22 14:44:42.687338|
119275 comcastcares |2021-04-22 14:45:22.692166|
119276 105845 |2021-04-22 14:46:02.694310|
119277 sprintcare |2021-04-22 14:46:42.697679|
119278 105676 |2021-04-22 14:47:22.700356|
119279 AppleSupport |2021-04-22 14:48:02.705338|
119280 105846 |2021-04-22 14:48:42.709392|
119281 SpotifyCares |2021-04-22 14:49:22.714543|
119282 105847 |2021-04-22 14:50:02.719178|
119284 SpotifyCares |2021-04-22 14:50:42.722915|
119285 105847 |2021-04-22 14:51:22.728236|
119286 SpotifyCares |2021-04-22 14:52:02.732407|
119287 105847 |2021-04-22 14:52:42.734905|
119288 SpotifyCares |2021-04-22 14:53:22.737696|
119283 105847 |2021-04-22 14:54:02.739727|
119289 AppleSupport |2021-04-22 14:54:42.742602|
119290 105848 |2021-04-22 14:55:22.745481|
119291 105848 |2021-04-22 14:56:02.747590|
119292 105848 |2021-04-22 14:56:42.750398|
119293 AppleSupport |2021-04-22 14:57:22.753134|
119294 105849 |2021-04-22 14:58:02.757184|
119295 SouthwestAir |2021-04-22 14:58:42.759991|
119296 105850 |2021-04-22 14:59:22.765580|
119297 105850 |2021-04-22 15:00:02.768147|
119298 AppleSupport |2021-04-22 15:00:42.770815|
119299 105851 |2021-04-22 15:01:22.773654|
119300 AppleSupport |2021-04-22 15:02:02.776636|
119301 105852 |2021-04-22 15:02:42.778916|
119266 British_Airways |2021-04-22 15:03:22.781591|
119302 105842 |2021-04-22 15:04:02.783780|
119303 British_Airways |2021-04-22 15:04:42.786265|
119304 Ask_Spectrum |2021-04-22 15:05:22.789124|
119305 105854 |2021-04-22 15:06:02.791368|
119306 105854 |2021-04-22 15:06:42.793251|
119308 Tesco |2021-04-22 15:07:22.795382|
119309 105855 |2021-04-22 15:08:02.800060|
119310 105855 |2021-04-22 15:08:42.802211|
119311 Tesco |2021-04-22 15:09:22.804655|
119313 105855 |2021-04-22 15:10:02.807244|
119314 Tesco |2021-04-22 15:10:42.810429|
119315 105855 |2021-04-22 15:11:22.812870|
119317 Tesco |2021-04-22 15:12:02.816251|
119318 105856 |2021-04-22 15:12:42.818477|
119320 Tesco |2021-04-22 15:13:22.822463|
119321 105856 |2021-04-22 15:14:02.825000|
119322 Tesco |2021-04-22 15:14:42.827272|
119319 105856 |2021-04-22 15:15:22.831256|
119323 AppleSupport |2021-04-22 15:16:02.833720|
119324 105857 |2021-04-22 15:16:42.836328|
119325 AppleSupport |2021-04-22 15:17:22.839201|
119326 105857 |2021-04-22 15:18:02.841389|
119327 HPSupport |2021-04-22 15:18:42.843799|
119328 105858 |2021-04-22 15:19:22.845483|
119329 UPSHelp |2021-04-22 15:20:02.848158|
119330 105859 |2021-04-22 15:20:42.850383|
119331 105860 |2021-04-22 15:21:22.853142|
119332 Tesco |2021-04-22 15:22:02.855159|
119333 105861 |2021-04-22 15:22:42.857240|
119335 Tesco |2021-04-22 15:23:22.859219|
